{
  "total_games": 300,
  "p1_wins": 0,
  "p2_wins": 0,
  "draws": 300,
  "errors": 0,
  "avg_ticks": 1000.0,
  "avg_tps": 5669.85522593072,
  "avg_elapsed": 0.18163626601919533,
  "win_rate_p1": 0.0,
  "win_rate_p2": 0.0,
  "peak_ticks": 1000,
  "shortest_ticks": 1000
}